{"gold_amount":0,"iron_amount":0,"log_amount":2,"position":[-9.61056041717529,-358.024169921875],"stick_amount":0}
