{"gold_amount":0,"iron_amount":0,"log_amount":0,"position":[12.1809635162354,-62.70030975341797],"stick_amount":0}
