{"gold_amount":10,"iron_amount":39,"log_amount":20,"position":[1059.99584960938,-23.29549217224121],"stick_amount":9}
