{"gold_amount":0,"iron_amount":0,"log_amount":0,"position":[624.404541015625,-109.02668762207],"stick_amount":0}
