{"gold_amount":51,"iron_amount":50,"log_amount":50,"position":[760.448425292969,-98.5968246459961],"stick_amount":50}
