{"gold_amount":100,"iron_amount":50,"log_amount":20,"position":[1283.02600097656,58.3908615112305],"stick_amount":15}
