{"gold_amount":0,"iron_amount":0,"log_amount":2,"position":[-514.870544433594,-6926.83056640625],"stick_amount":0}
