{"gold_amount":-22,"iron_amount":23,"log_amount":6,"position":[-64.2902984619141,-18.0536251068115],"stick_amount":45}
