{"gold_amount":68,"iron_amount":23,"log_amount":4,"position":[3749.65380859375,-170.295745849609],"stick_amount":0}
