{"gold_amount":-22,"iron_amount":23,"log_amount":6,"position":[3774.60986328125,-445.557434082031],"stick_amount":45}
