{"gold_amount":-22,"iron_amount":23,"log_amount":6,"position":[34.663387298584,-380.07781982421875],"stick_amount":45}
