{"gold_amount":100,"iron_amount":50,"log_amount":20,"position":[1285.37316894531,91.9689025878906],"stick_amount":15}
