{"gold_amount":-22,"iron_amount":23,"log_amount":6,"position":[5.47321701049805,-249.460830688477],"stick_amount":45}
