{"gold_amount":3,"iron_amount":0,"log_amount":4,"position":[3745.12329101563,-192.146026611328],"stick_amount":0}
