{"gold_amount":-22,"iron_amount":23,"log_amount":6,"position":[-124.381202697754,-229.48258972168],"stick_amount":45}
