{"gold_amount":51,"iron_amount":50,"log_amount":50,"position":[57.1791152954102,-174.93858337402344],"stick_amount":50}
