{"gold_amount":68,"iron_amount":23,"log_amount":4,"position":[3787.04345703125,-156.858505249023],"stick_amount":0}
