{"gold_amount":100,"iron_amount":50,"log_amount":20,"position":[539.115905761719,-190.195114135742],"stick_amount":15}
