{"gold_amount":68,"iron_amount":23,"log_amount":6,"position":[-280.19219970703125,187.274932861328],"stick_amount":0}
