{"gold_amount":-21,"iron_amount":23,"log_amount":10,"pick-axe-head_amount":1,"pick-axe_amount":0,"position":[-69.37422180175781,-604.66510009765625],"stick_amount":45}
